"","X.5","X.6","X.7","X.8","X.9","X.10","X.11","X.12","X.13","X.14","X.15","X.16","X.17","X.18","X.19","X.20","X.21","X.22","X.23","X.24","X.25","X.26","X.27","X.28","X.29","X.30","X.31","X.32","X.33","X.34","X.35","X.36","X.37","X.38","X.39","X.40","X.41","X.42","X.43","X.44","X.45","X.46","X.47","X.48","X.49","X.50","X.51","X.52","X.53","X.54","X.55"
"1","","","","","","","","","","","","","","","","","","","","","","","","","","","","","","","","","","","","","","","","","","","","","","","","","","",""
"2","","","","","","","","","","","","","","","","","","","","","","","","","","","","","","","","","","","","","","","","","","","","","","","","","","",""
"3","Raw Score","Final Score","Scan Date","Page Num","Scan Date 2","Page Num 2","IEP","ELL","Errors","Alt Lang","Multi Scan","Questions:","1","2","3","4","5","6","7","8","9","10","11","12","13","14","15","16","17","18","19","20","21","22","23","24","25","26","27","28","29","30","31","32","33","34","35","36","37","Omitted","Multiple"
"4","","","","","","","","","","","","Answers:","2","2","4","1","3","2","1","1","4","2","4","2","3","4","3","1","4","3","4","3","1","3","4","1","*","*","*","*","*","*","*","*","*","*","*","*","*","",""
"5","","ABS","01/30/15 08:44 AM","315460046933-1","Not Scanned","315460046933-2","","","","","","","","","","","","","","","","","","","","","","","","","","","","","","","","","","","","","","","","","","","","",""
"6","","ABS","01/30/15 08:44 AM","315460046934-1","Not Scanned","315460046934-2","","","","","","","","","","","","","","","","","","","","","","","","","","","","","","","","","","","","","","","","","","","","",""
"7","22","58","01/28/15 09:24 AM","315460046935-1","01/30/15 10:18 AM","315460046935-2","","","","","","","3","1","-","-","-","3","2","-","1","1","-","3","-","3","-","2","1","2","3","-","-","1","3","2","1","2","0","0","0","0","0","0","1","0","0","0","0","",""
"8","","ABS","01/30/15 08:44 AM","315460046936-1","Not Scanned","315460046936-2","","","","","","","","","","","","","","","","","","","","","","","","","","","","","","","","","","","","","","","","","","","","",""
"9","27","63","01/28/15 09:24 AM","315460046937-1","01/30/15 10:18 AM","315460046937-2","","","","","","","-","-","-","3","1","1","2","-","2","-","3","3","4","-","2","-","1","-","-","-","3","4","3","3","1","0","0","1","0","0","0","0","2","3","0","0","0","",""
"10","20","55","01/28/15 09:24 AM","315460046938-1","01/30/15 10:18 AM","315460046938-2","","","","","","","-","1","2","3","-","-","4","3","-","3","2","3","-","-","4","3","2","4","3","2","2","1","1","2","1","0","2","2","0","0","0","0","2","1","0","0","0","",""
"11","21","57","01/28/15 09:24 AM","315460046939-1","01/30/15 10:18 AM","315460046939-2","","","","","","","-","-","2","4","4","-","2","4","-","-","3","4","-","2","2","3","-","-","3","-","2","4","2","2","1","0","1","1","0","0","0","0","0","0","0","0","0","",""
"12","","","Not Scanned","315460046940-1","Not Scanned","315460046940-2","","","","","","","","","","","","","","","","","","","","","","","","","","","","","","","","","","","","","","","","","","","","",""
"13","9","33","01/28/15 09:24 AM","315460046941-1","01/30/15 10:18 AM","315460046941-2","","","","","","","-","1","3","3","4","-","4","3","2","1","3","-","2","2","2","4","1","1","1","4","3","1","2","2","0","0","1","2","0","0","0","0","0","0","0","0","0","",""
"14","","ABS","01/30/15 08:44 AM","315460046942-1","Not Scanned","315460046942-2","","","","","","","","","","","","","","","","","","","","","","","","","","","","","","","","","","","","","","","","","","","","",""
"15","18","52","01/28/15 09:24 AM","315460046943-1","01/30/15 10:18 AM","315460046943-2","","","","","","","-","1","-","3","1","3","4","2","-","3","1","-","2","2","-","-","3","4","2","4","-","-","2","-","0","0","0","0","0","0","0","0","0","0","0","0","0","",""
"16","22","58","01/28/15 09:24 AM","315460046944-1","01/30/15 10:18 AM","315460046944-2","","","","","","","1","1","-","3","-","-","3","-","-","1","-","3","-","-","2","-","1","-","1","2","4","4","2","3","0","0","1","1","0","0","0","0","0","0","0","0","0","",""
"17","27","63","01/28/15 09:24 AM","315460046945-1","01/30/15 10:18 AM","315460046945-2","","","","","","","-","-","2","4","4","-","2","-","-","-","1","4","-","-","2","3","-","-","3","-","2","4","2","2","1","0","0","2","0","0","0","0","0","2","0","0","0","",""
"18","34","67","01/28/15 09:24 AM","315460046946-1","01/30/15 10:18 AM","315460046946-2","","","","","","","-","-","-","3","-","3","-","4","-","1","3","1","-","-","2","-","3","-","-","-","-","1","2","3","0","0","1","1","0","0","0","0","2","2","0","2","0","",""
"19","","ABS","01/30/15 08:44 AM","315460046947-1","Not Scanned","315460046947-2","","","","","","","","","","","","","","","","","","","","","","","","","","","","","","","","","","","","","","","","","","","","",""
"20","","ABS","01/30/15 08:44 AM","315460046948-1","Not Scanned","315460046948-2","","","","","","","","","","","","","","","","","","","","","","","","","","","","","","","","","","","","","","","","","","","","",""
"21","","ABS","01/30/15 08:44 AM","315460046949-1","Not Scanned","315460046949-2","","","","","","","","","","","","","","","","","","","","","","","","","","","","","","","","","","","","","","","","","","","","",""
"22","","","Not Scanned","315460046950-1","Not Scanned","315460046950-2","","","","","","","","","","","","","","","","","","","","","","","","","","","","","","","","","","","","","","","","","","","","",""
"23","8","30","01/28/15 09:24 AM","315460046951-1","01/30/15 10:18 AM","315460046951-2","","","","","","","4","1","-","3","2","4","4","3","-","4","-","4","-","2","2","3","2","4","1","2","2","1","3","2","0","0","0","0","0","0","0","0","0","0","0","0","0","",""
"24","23","59","01/28/15 09:24 AM","315460046952-1","01/30/15 10:18 AM","315460046952-2","","","","","","","-","1","2","3","2","-","-","4","-","1","1","-","4","-","2","2","-","4","3","1","-","1","-","3","1","0","1","1","0","0","0","0","0","0","0","2","0","",""
"25","19","54","01/28/15 09:24 AM","315460046953-1","01/30/15 10:18 AM","315460046953-2","","","","","","","-","-","1","3","2","-","4","4","-","1","-","3","-","2","1","3","1","2","1","-","3","1","1","2","1","2","0","2","0","0","0","0","0","0","0","0","0","",""
"26","","ABS","01/30/15 08:44 AM","315460046954-1","Not Scanned","315460046954-2","","","","","","","","","","","","","","","","","","","","","","","","","","","","","","","","","","","","","","","","","","","","",""
"27","","ABS","01/30/15 08:44 AM","315460046955-1","Not Scanned","315460046955-2","","","","","","","","","","","","","","","","","","","","","","","","","","","","","","","","","","","","","","","","","","","","",""
"28","27","63","01/28/15 09:24 AM","315460046956-1","01/30/15 10:18 AM","315460046956-2","","","","","","","-","1","-","-","4","-","3","-","2","4","1","-","-","2","-","3","2","-","-","-","2","1","2","2","2","0","0","2","0","0","0","0","0","1","0","0","0","",""
"29","19","54","01/28/15 09:24 AM","315460046957-1","01/30/15 10:18 AM","315460046957-2","","","","","","","-","-","-","-","-","-","4","2","1","1","3","1","1","-","2","3","-","2","3","-","3","4","1","3","0","0","1","0","0","0","0","0","0","0","0","0","0","",""
"30","18","52","01/28/15 09:24 AM","315460046958-1","01/30/15 10:18 AM","315460046958-2","","","","","","","-","4","3","2","2","4","-","2","1","3","3","1","4","2","-","4","1","-","-","-","-","2","3","-","1","0","0","1","0","0","0","0","0","0","0","0","0","",""
"31","28","64","01/28/15 09:24 AM","315460046959-1","01/30/15 10:18 AM","315460046959-2","","","","","","","-","-","1","-","-","-","-","-","2","-","3","1","-","2","4","-","1","4","3","-","3","1","2","3","2","2","0","2","0","0","0","0","0","0","0","0","0","",""
"32","","ABS","01/30/15 08:44 AM","315460046960-1","Not Scanned","315460046960-2","","","","","","","","","","","","","","","","","","","","","","","","","","","","","","","","","","","","","","","","","","","","",""
"33","22","58","01/28/15 09:24 AM","315460046961-1","01/30/15 10:18 AM","315460046961-2","","","041","","","","-","-","-","-","-","4","2","-","-","3","M","1","-","3","2","-","3","4","3","1","2","-","2","3","1","0","0","0","0","0","0","0","0","1","0","0","0","","1"
"34","32","66","01/28/15 09:24 AM","315460046962-1","01/30/15 10:18 AM","315460046962-2","","","","","","","-","-","-","3","-","-","3","-","-","-","1","3","-","-","-","4","3","1","-","2","-","1","3","2","0","0","1","2","0","0","0","0","0","3","0","0","0","",""
"35","34","67","01/28/15 09:24 AM","315460046963-1","01/30/15 10:18 AM","315460046963-2","","","","","","","-","-","-","-","-","4","2","-","-","3","-","1","4","-","-","-","1","-","-","-","2","4","2","3","1","0","0","1","0","0","0","0","2","0","0","2","0","",""
"36","19","54","01/28/15 09:24 AM","315460046964-1","01/30/15 10:18 AM","315460046964-2","","","","","","","-","-","-","2","4","-","3","2","1","4","-","-","-","-","2","3","2","1","2","1","3","1","3","2","1","0","1","0","0","0","0","0","1","0","0","0","0","",""
"37","","ABS","01/30/15 08:44 AM","315460046965-1","Not Scanned","315460046965-2","","","","","","","","","","","","","","","","","","","","","","","","","","","","","","","","","","","","","","","","","","","","",""
"38","","ABS","01/30/15 08:47 AM","315460046966-1","Not Scanned","315460046966-2","","","","","","","","","","","","","","","","","","","","","","","","","","","","","","","","","","","","","","","","","","","","",""
"39","19","54","01/28/15 09:46 AM","315460046967-1","01/30/15 09:08 AM","315460046967-2","","","","","","","-","4","3","-","2","4","-","-","2","1","3","4","-","-","-","3","2","1","3","-","4","1","2","3","1","0","2","0","0","0","0","0","0","0","0","0","0","",""
"40","","ABS","01/30/15 08:33 AM","315460046968-1","Not Scanned","315460046968-2","","","","","","","","","","","","","","","","","","","","","","","","","","","","","","","","","","","","","","","","","","","","",""
"41","","ABS","01/30/15 08:33 AM","315460046969-1","Not Scanned","315460046969-2","","","","","","","","","","","","","","","","","","","","","","","","","","","","","","","","","","","","","","","","","","","","",""
"42","","ABS","01/30/15 08:33 AM","315460046970-1","Not Scanned","315460046970-2","","","","","","","","","","","","","","","","","","","","","","","","","","","","","","","","","","","","","","","","","","","","",""
"43","","ABS","01/30/15 08:33 AM","315460046971-1","Not Scanned","315460046971-2","","","","","","","","","","","","","","","","","","","","","","","","","","","","","","","","","","","","","","","","","","","","",""
"44","","ABS","01/30/15 08:33 AM","315460046972-1","Not Scanned","315460046972-2","","","","","","","","","","","","","","","","","","","","","","","","","","","","","","","","","","","","","","","","","","","","",""
"45","22","58","01/28/15 09:46 AM","315460046973-1","01/30/15 09:08 AM","315460046973-2","","","","","","","-","-","-","2","-","1","3","-","2","1","-","1","-","1","1","4","-","1","2","-","-","-","1","4","0","0","0","0","0","0","0","0","0","0","0","0","0","",""
"46","","ABS","01/30/15 08:33 AM","315460046974-1","Not Scanned","315460046974-2","","","","","","","","","","","","","","","","","","","","","","","","","","","","","","","","","","","","","","","","","","","","",""
"47","","ABS","01/30/15 08:33 AM","315460046975-1","Not Scanned","315460046975-2","","","","","","","","","","","","","","","","","","","","","","","","","","","","","","","","","","","","","","","","","","","","",""
"48","12","40","01/28/15 09:46 AM","315460046976-1","01/30/15 09:08 AM","315460046976-2","","","","","","","-","-","-","-","2","4","3","2","1","4","2","3","2","-","2","3","1","4","1","-","2","4","2","3","0","0","0","0","0","0","0","0","0","0","0","0","0","",""
"49","","ABS","01/30/15 08:33 AM","315460046977-1","Not Scanned","315460046977-2","","","","","","","","","","","","","","","","","","","","","","","","","","","","","","","","","","","","","","","","","","","","",""
"50","54","74","01/28/15 09:46 AM","315460046978-1","01/30/15 09:08 AM","315460046978-2","","","","","","","-","1","-","-","-","-","-","-","-","-","-","-","-","-","-","-","-","-","-","2","-","4","2","3","0","2","1","2","2","0","1","0","4","0","0","4","0","",""
"51","","ABS","01/30/15 08:33 AM","315460046979-1","Not Scanned","315460046979-2","","","","","","","","","","","","","","","","","","","","","","","","","","","","","","","","","","","","","","","","","","","","",""
"52","12","40","01/28/15 09:46 AM","315460046980-1","01/30/15 09:08 AM","315460046980-2","","","","","","","-","-","1","3","-","-","3","-","3","1","3","-","4","2","4","3","1","2","3","2","4","1","2","3","0","0","0","0","0","0","0","0","0","0","0","0","0","",""
"53","22","58","01/28/15 09:46 AM","315460046981-1","01/30/15 09:08 AM","315460046981-2","","","","","","","-","-","-","2","-","3","2","-","-","-","-","3","2","-","1","4","2","-","1","1","2","-","1","3","0","0","0","0","0","0","0","0","0","0","0","0","0","",""
"54","","ABS","01/30/15 08:33 AM","315460046982-1","Not Scanned","315460046982-2","","","","","","","","","","","","","","","","","","","","","","","","","","","","","","","","","","","","","","","","","","","","",""
"55","","ABS","01/30/15 08:33 AM","315460046983-1","Not Scanned","315460046983-2","","","","","","","","","","","","","","","","","","","","","","","","","","","","","","","","","","","","","","","","","","","","",""
"56","14","45","01/28/15 09:46 AM","315460046984-1","01/30/15 09:08 AM","315460046984-2","","","","","","","-","-","3","-","2","1","3","3","3","1","1","3","-","2","-","-","1","2","3","-","3","1","2","4","0","0","0","0","0","0","0","0","0","0","0","0","0","",""
"57","","ABS","01/30/15 08:33 AM","315460046985-1","Not Scanned","315460046985-2","","","","","","","","","","","","","","","","","","","","","","","","","","","","","","","","","","","","","","","","","","","","",""
"58","","ABS","01/30/15 08:33 AM","315460046986-1","Not Scanned","315460046986-2","","","","","","","","","","","","","","","","","","","","","","","","","","","","","","","","","","","","","","","","","","","","",""
"59","","ABS","01/30/15 08:33 AM","315460046987-1","Not Scanned","315460046987-2","","","","","","","","","","","","","","","","","","","","","","","","","","","","","","","","","","","","","","","","","","","","",""
"60","17","50","01/28/15 09:46 AM","315460046988-1","01/30/15 09:08 AM","315460046988-2","","","","","","","4","-","2","4","-","-","-","-","2","3","1","-","2","3","4","-","2","4","1","-","4","1","1","3","0","1","0","0","0","0","0","0","0","0","0","0","0","",""
"61","18","52","01/28/15 09:43 AM","315460046989-1","01/30/15 09:08 AM","315460046989-2","","","","","","","-","1","1","3","2","1","4","3","-","1","-","-","-","-","1","3","-","2","2","1","2","1","3","3","1","0","1","0","0","0","0","0","2","0","0","0","0","",""
"62","","ABS","01/30/15 08:33 AM","315460046990-1","Not Scanned","315460046990-2","","","","","","","","","","","","","","","","","","","","","","","","","","","","","","","","","","","","","","","","","","","","",""
"63","","ABS","01/30/15 08:33 AM","315460046991-1","Not Scanned","315460046991-2","","","","","","","","","","","","","","","","","","","","","","","","","","","","","","","","","","","","","","","","","","","","",""
"64","","ABS","01/30/15 08:33 AM","315460046992-1","Not Scanned","315460046992-2","","","","","","","","","","","","","","","","","","","","","","","","","","","","","","","","","","","","","","","","","","","","",""
"65","","ABS","01/30/15 08:33 AM","315460046993-1","Not Scanned","315460046993-2","","","","","","","","","","","","","","","","","","","","","","","","","","","","","","","","","","","","","","","","","","","","",""
"66","18","52","01/28/15 09:46 AM","315460046994-1","01/30/15 09:08 AM","315460046994-2","","","","","","","-","3","2","-","-","4","3","3","2","4","2","1","-","1","4","2","2","-","2","1","-","-","-","2","0","0","0","0","0","0","0","0","2","0","0","0","0","",""
"67","","ABS","01/30/15 08:33 AM","315460046995-1","Not Scanned","315460046995-2","","","","","","","","","","","","","","","","","","","","","","","","","","","","","","","","","","","","","","","","","","","","",""
"68","15","47","01/28/15 09:36 AM","315460046996-1","01/30/15 10:08 AM","315460046996-2","","","042","","","","4","X","2","3","2","3","4","X","-","-","-","3","1","-","4","-","X","2","3","1","2","1","3","4","0","2","0","1","0","0","0","0","0","0","0","2","0","3",""
"69","16","49","01/28/15 09:36 AM","315460046997-1","01/30/15 10:08 AM","315460046997-2","","","","","","","4","-","3","-","1","-","3","2","3","-","-","4","-","2","2","4","-","1","-","2","3","1","3","2","0","0","0","0","0","0","0","0","0","0","0","0","0","",""
"70","15","47","01/28/15 09:36 AM","315460046998-1","01/30/15 10:08 AM","315460046998-2","","","","","","","-","-","2","-","2","-","2","4","2","1","1","-","2","2","4","2","1","2","3","1","-","1","1","4","1","0","0","0","0","0","0","0","2","0","0","0","0","",""
"71","30","65","01/28/15 09:36 AM","315460046999-1","01/30/15 10:08 AM","315460046999-2","","","","","","","-","-","1","-","-","1","4","-","3","-","1","4","-","-","-","2","1","-","3","-","2","1","2","3","1","2","1","1","0","0","0","0","2","1","0","0","0","",""
"72","25","61","01/28/15 09:36 AM","315460047000-1","01/30/15 10:08 AM","315460047000-2","","","042","","","","3","1","1","-","-","4","3","-","-","-","3","-","1","-","4","3","-","1","-","-","X","1","2","3","1","0","1","1","0","0","0","0","2","0","0","0","0","1",""
"73","","ABS","01/30/15 08:51 AM","315460047001-1","Not Scanned","315460047001-2","","","","","","","","","","","","","","","","","","","","","","","","","","","","","","","","","","","","","","","","","","","","",""
"74","9","33","01/28/15 09:36 AM","315460047002-1","01/30/15 10:08 AM","315460047002-2","","","","","","","-","1","3","3","2","1","2","3","3","1","2","3","-","-","2","4","1","2","3","-","4","1","3","3","1","0","0","0","0","0","0","0","0","0","0","0","0","",""
"75","13","43","01/28/15 09:36 AM","315460047003-1","01/30/15 10:08 AM","315460047003-2","","","","","","","1","3","-","-","-","4","2","3","1","-","2","3","-","2","4","4","2","4","-","1","2","1","3","2","0","0","1","0","0","0","0","0","0","0","0","0","0","",""
"76","11","38","01/28/15 09:36 AM","315460047004-1","01/30/15 10:08 AM","315460047004-2","","","","","","","-","3","3","3","2","1","3","2","1","-","3","4","2","1","4","-","1","-","3","-","2","1","2","3","0","0","0","1","0","0","0","0","0","0","0","0","0","",""
"77","17","50","01/28/15 09:36 AM","315460047005-1","01/30/15 10:08 AM","315460047005-2","","","","","","","-","1","1","2","1","-","3","4","-","1","-","-","-","2","1","-","3","-","1","4","3","1","2","3","0","0","0","1","0","0","0","0","0","0","0","0","0","",""
"78","25","61","01/28/15 09:36 AM","315460047006-1","01/30/15 10:08 AM","315460047006-2","","","","","","","-","-","-","-","1","-","3","-","1","-","-","3","4","2","4","3","2","-","-","1","3","4","1","3","1","2","0","0","0","0","0","0","2","0","0","0","0","",""
"79","","ABS","01/30/15 08:51 AM","315460047007-1","Not Scanned","315460047007-2","","","","","","","","","","","","","","","","","","","","","","","","","","","","","","","","","","","","","","","","","","","","",""
"80","38","69","01/28/15 09:36 AM","315460047008-1","01/30/15 10:08 AM","315460047008-2","","","","","","","-","-","-","-","-","-","-","3","2","-","-","-","-","-","-","2","-","1","3","-","3","1","-","-","0","2","1","1","0","0","0","0","0","0","0","0","0","",""
"81","30","65","01/28/15 09:36 AM","315460047009-1","01/30/15 10:08 AM","315460047009-2","","","","","","","-","-","2","-","1","-","-","-","1","1","-","4","4","2","-","3","-","-","-","-","3","4","-","4","0","0","0","2","0","0","0","0","2","0","0","0","0","",""
"82","12","40","01/28/15 09:36 AM","315460047010-1","01/30/15 10:08 AM","315460047010-2","","","","","","","3","-","3","-","2","-","3","-","1","1","1","4","1","2","4","3","1","2","3","-","3","1","3","2","1","0","0","1","0","0","0","0","0","0","0","0","0","",""
"83","22","58","01/28/15 09:36 AM","315460047011-1","01/30/15 10:08 AM","315460047011-2","","","","","","","-","-","-","3","-","-","4","2","3","-","2","3","-","-","2","-","1","1","-","1","2","1","1","4","1","0","0","1","0","0","0","0","0","0","0","0","0","",""
"84","26","62","01/28/15 09:36 AM","315460047012-1","01/30/15 10:08 AM","315460047012-2","","","","","","","-","-","2","-","4","-","-","4","1","4","1","3","-","-","-","4","-","-","3","1","2","4","1","2","1","2","1","1","0","0","1","0","0","0","0","0","0","",""
"85","14","45","01/28/15 09:36 AM","315460047013-1","01/30/15 10:08 AM","315460047013-2","","","","","","","4","-","2","-","-","1","3","2","-","3","2","4","-","3","-","3","2","-","3","1","2","2","3","4","0","0","0","0","0","0","0","0","0","0","0","0","0","",""
"86","","ABS","01/30/15 08:52 AM","315460047014-1","Not Scanned","315460047014-2","","","","","","","","","","","","","","","","","","","","","","","","","","","","","","","","","","","","","","","","","","","","",""
"87","20","55","01/28/15 09:36 AM","315460047015-1","01/30/15 10:08 AM","315460047015-2","","","","","","","3","1","-","-","-","1","-","2","1","-","3","-","-","-","4","4","1","4","1","-","2","1","3","4","2","0","0","0","0","0","0","0","0","0","0","0","0","",""
"88","17","50","01/28/15 09:36 AM","315460047016-1","01/30/15 10:08 AM","315460047016-2","","","","","","","-","1","-","3","-","-","-","4","1","-","1","3","1","2","1","4","1","1","-","2","2","2","3","4","0","0","1","2","0","0","0","0","0","0","0","0","0","",""
"89","11","38","01/28/15 09:36 AM","315460047017-1","01/30/15 10:08 AM","315460047017-2","","","","","","","1","1","-","3","2","1","4","3","-","1","3","-","2","-","4","3","1","1","-","2","3","1","3","3","1","0","0","0","0","0","0","0","0","0","0","0","0","",""
"90","12","40","01/28/15 09:36 AM","315460047018-1","01/30/15 10:08 AM","315460047018-2","","","","","","","1","-","3","2","-","1","4","3","3","1","3","1","2","-","2","-","1","1","3","1","2","1","3","2","2","1","0","1","0","0","0","0","0","0","0","0","0","",""
"91","24","60","01/28/15 09:36 AM","315460047019-1","01/30/15 10:08 AM","315460047019-2","","","","","","","-","-","-","3","-","1","3","4","-","-","3","-","1","-","-","-","1","2","-","2","-","1","1","3","0","0","0","0","0","0","0","0","0","0","0","0","0","",""
"92","14","45","01/28/15 09:36 AM","315460047020-1","01/30/15 10:08 AM","315460047020-2","","","","","","","-","-","3","4","4","-","4","4","1","-","3","3","1","-","2","3","2","2","3","-","4","1","3","4","0","0","0","2","0","0","0","0","0","0","0","0","0","",""
"93","14","45","01/28/15 09:36 AM","315460047021-1","01/30/15 10:08 AM","315460047021-2","","","","","","","4","4","-","3","1","-","2","2","-","4","3","-","4","-","1","2","2","1","1","2","2","1","3","2","0","0","2","0","0","0","0","0","2","0","0","0","0","",""
"94","27","63","01/28/15 09:36 AM","315460047022-1","01/30/15 10:08 AM","315460047022-2","","","","","","","-","-","1","-","-","-","4","-","2","1","3","-","2","-","-","-","3","-","-","2","3","1","3","2","1","1","1","0","0","0","0","0","0","0","0","0","0","",""
"95","13","43","01/28/15 09:36 AM","315460047023-1","01/30/15 10:08 AM","315460047023-2","","","","","","","3","-","2","-","1","-","3","4","1","1","1","4","2","1","2","-","2","1","3","4","2","-","1","4","2","1","0","0","0","0","0","0","0","0","0","0","0","",""
"96","16","49","01/28/15 09:43 AM","315460047024-1","01/30/15 10:08 AM","315460047024-2","","","","","","","-","1","-","-","-","4","4","3","-","-","2","4","4","-","2","3","1","1","3","2","2","1","1","2","1","0","1","0","0","0","0","0","0","0","0","0","0","",""
"97","20","55","01/28/15 09:36 AM","315460047025-1","01/30/15 10:08 AM","315460047025-2","","","","","","","-","3","3","3","2","-","3","2","-","1","3","4","-","-","4","-","3","-","3","-","2","1","1","4","2","0","0","0","0","0","0","0","2","0","0","0","0","",""
"98","22","58","01/28/15 09:36 AM","315460047026-1","01/30/15 10:08 AM","315460047026-2","","","","","","","-","1","2","3","4","-","-","2","2","4","2","3","-","-","-","-","3","2","-","1","3","-","-","-","0","0","0","0","0","0","0","0","0","0","0","0","0","",""
"99","8","30","01/28/15 09:36 AM","315460047027-1","01/30/15 10:08 AM","315460047027-2","","","","","","","-","1","2","2","-","-","-","4","3","3","1","4","1","2","2","4","2","4","3","1","4","2","3","3","0","0","0","0","0","0","0","0","0","0","0","0","0","",""
"100","28","64","01/28/15 09:36 AM","315460047028-1","01/30/15 10:08 AM","315460047028-2","","","","","","","-","1","2","-","-","-","4","4","-","1","3","-","4","2","-","4","-","-","1","2","4","1","2","2","2","0","2","2","0","0","1","0","0","1","0","2","0","",""
"101","12","40","01/28/15 09:36 AM","315460047029-1","01/30/15 10:08 AM","315460047029-2","","","","","","","-","1","3","3","-","-","3","4","3","-","-","1","2","-","2","3","2","4","2","1","4","2","3","3","0","0","0","0","0","0","0","0","0","0","0","0","0","",""
"102","13","43","01/28/15 09:40 AM","315460047030-1","01/30/15 10:05 AM","315460047030-2","","","","","","","-","3","3","4","1","-","3","3","-","3","1","3","2","-","-","3","1","2","3","2","-","1","3","3","0","0","0","1","0","0","0","0","0","0","0","0","0","",""
"103","","ABS","01/30/15 08:44 AM","315460047031-1","Not Scanned","315460047031-2","","","","","","","","","","","","","","","","","","","","","","","","","","","","","","","","","","","","","","","","","","","","",""
"104","17","50","01/28/15 09:40 AM","315460047032-1","01/30/15 10:05 AM","315460047032-2","","","","","","","1","-","2","3","1","4","4","3","-","-","1","1","-","2","-","2","1","2","3","2","-","1","-","4","2","1","0","0","0","0","0","0","0","0","0","0","0","",""
"105","35","68","01/28/15 09:40 AM","315460047033-1","01/30/15 10:05 AM","315460047033-2","","","","","","","-","3","-","-","4","1","-","-","-","-","3","-","-","2","-","-","3","-","1","2","2","-","3","2","0","1","0","1","1","0","0","0","2","2","0","2","0","",""
"106","27","63","01/28/15 09:40 AM","315460047034-1","01/30/15 10:05 AM","315460047034-2","","","","","","","-","3","-","-","2","-","2","-","-","-","-","4","-","2","-","-","2","4","3","-","3","4","2","4","0","0","0","2","0","0","0","0","0","1","0","0","0","",""
"107","16","49","01/28/15 09:40 AM","315460047035-1","01/30/15 10:05 AM","315460047035-2","","","","","","","1","3","3","4","-","-","4","3","-","1","-","1","-","2","2","-","1","2","2","-","2","1","3","2","1","0","1","0","0","0","0","0","0","0","0","0","0","",""
"108","24","60","01/28/15 09:40 AM","315460047036-1","01/30/15 10:05 AM","315460047036-2","","","","","","","-","1","-","-","-","-","4","-","-","1","3","4","-","-","2","3","3","1","1","-","-","1","2","4","1","1","0","0","0","0","0","0","0","0","0","0","0","",""
"109","22","58","01/28/15 09:40 AM","315460047037-1","01/30/15 10:05 AM","315460047037-2","","","","","","","4","-","2","3","-","-","-","3","-","-","1","4","-","2","-","4","1","4","2","-","3","1","-","3","0","0","0","2","0","0","0","0","0","0","0","0","0","",""
"110","20","55","01/28/15 09:40 AM","315460047038-1","01/30/15 10:05 AM","315460047038-2","","","","","","","-","1","2","3","4","-","3","-","1","1","2","-","4","-","2","3","3","2","2","-","-","1","-","2","1","0","0","0","0","0","0","0","3","0","0","0","0","",""
"111","19","54","01/28/15 09:40 AM","315460047039-1","01/30/15 10:05 AM","315460047039-2","","","","","","","-","4","2","3","-","1","4","3","2","3","-","-","-","3","-","-","3","4","2","-","2","1","3","2","1","2","0","0","0","0","0","0","0","0","0","0","0","",""
"112","14","45","01/28/15 09:40 AM","315460047040-1","01/30/15 10:05 AM","315460047040-2","","","","","","","-","1","2","3","4","3","3","2","-","4","3","-","-","-","4","2","1","2","3","-","-","1","3","2","0","0","0","0","0","0","0","0","0","0","0","0","0","",""
"113","","ABS","01/30/15 08:44 AM","315460047041-1","Not Scanned","315460047041-2","","","","","","","","","","","","","","","","","","","","","","","","","","","","","","","","","","","","","","","","","","","","",""
"114","14","45","01/28/15 09:40 AM","315460047042-1","01/30/15 10:05 AM","315460047042-2","","","","","","","-","4","3","2","-","4","4","-","3","-","3","-","2","2","1","2","2","1","3","1","2","-","1","-","0","0","0","0","0","0","0","0","0","0","0","0","0","",""
"115","","ABS","01/30/15 08:44 AM","315460047043-1","Not Scanned","315460047043-2","","","","","","","","","","","","","","","","","","","","","","","","","","","","","","","","","","","","","","","","","","","","",""
"116","","ABS","01/30/15 08:44 AM","315460047044-1","Not Scanned","315460047044-2","","","","","","","","","","","","","","","","","","","","","","","","","","","","","","","","","","","","","","","","","","","","",""
"117","19","54","01/28/15 09:40 AM","315460047045-1","01/30/15 10:05 AM","315460047045-2","","","","","","","-","1","3","3","-","-","2","-","1","-","-","1","4","2","-","3","1","2","2","-","3","2","1","-","1","0","0","0","0","0","0","0","0","0","0","0","0","",""
"118","16","49","01/28/15 09:40 AM","315460047046-1","01/30/15 10:05 AM","315460047046-2","","","","","","","-","1","2","-","2","4","-","4","2","1","-","1","4","2","4","3","1","4","2","-","-","1","3","2","0","1","2","1","0","0","0","0","0","0","0","0","0","",""
"119","","ABS","01/30/15 08:44 AM","315460047047-1","Not Scanned","315460047047-2","","","","","","","","","","","","","","","","","","","","","","","","","","","","","","","","","","","","","","","","","","","","",""
"120","13","43","01/28/15 09:40 AM","315460047048-1","01/30/15 10:05 AM","315460047048-2","","","","","","","1","-","2","3","1","4","4","3","-","-","1","1","2","-","-","4","1","2","-","2","4","4","3","4","0","0","1","0","0","0","0","0","0","0","0","0","0","",""
"121","","ABS","01/30/15 08:44 AM","315460047049-1","Not Scanned","315460047049-2","","","","","","","","","","","","","","","","","","","","","","","","","","","","","","","","","","","","","","","","","","","","",""
"122","25","61","01/28/15 09:40 AM","315460047050-1","01/30/15 10:05 AM","315460047050-2","","","","","","","1","-","3","3","-","1","2","2","-","-","-","3","1","-","-","2","2","-","1","-","2","1","3","-","1","2","0","1","0","0","0","0","1","0","0","0","0","",""
"123","22","58","01/28/15 09:40 AM","315460047051-1","01/30/15 10:05 AM","315460047051-2","","","","","","","-","-","3","-","4","-","-","3","2","-","-","3","-","-","2","-","3","2","1","2","2","4","3","2","2","0","0","0","0","0","0","0","0","0","0","0","0","",""
"124","","ABS","01/30/15 08:44 AM","315460047052-1","Not Scanned","315460047052-2","","","","","","","","","","","","","","","","","","","","","","","","","","","","","","","","","","","","","","","","","","","","",""
"125","16","49","01/28/15 09:40 AM","315460047053-1","01/30/15 10:05 AM","315460047053-2","","","","","","","-","1","3","-","2","1","-","2","3","3","3","1","2","1","2","-","2","-","1","-","-","4","2","2","0","2","0","0","0","0","0","0","0","0","0","0","0","",""
"126","24","60","01/28/15 09:40 AM","315460047054-1","01/30/15 10:05 AM","315460047054-2","","","","","","","4","3","2","3","-","-","-","3","-","-","-","1","-","-","1","2","3","1","3","-","4","1","2","3","0","2","1","1","0","0","0","0","2","0","0","0","0","",""
"127","22","58","01/28/15 09:40 AM","315460047055-1","01/30/15 10:05 AM","315460047055-2","","","","","","","-","-","-","-","-","-","3","2","3","4","2","4","-","3","4","2","1","2","-","1","3","4","2","3","1","0","1","2","0","0","0","0","2","0","0","0","0","",""
"128","34","67","01/28/15 09:40 AM","315460047056-1","01/30/15 10:05 AM","315460047056-2","","","042","","","","-","-","1","-","-","-","4","X","-","1","-","3","-","-","-","3","-","-","1","-","2","4","2","3","1","1","1","1","0","0","0","0","2","2","0","0","0","1",""
"129","10","35","01/28/15 09:40 AM","315460047057-1","01/30/15 10:05 AM","315460047057-2","","","","","","","1","-","3","4","-","-","2","4","2","3","-","-","2","3","2","2","3","2","2","4","2","1","3","2","0","0","0","0","0","0","0","0","0","0","0","0","0","",""
"130","22","58","01/28/15 09:40 AM","315460047058-1","01/30/15 10:05 AM","315460047058-2","","","","","","","-","1","-","2","-","3","2","3","-","-","1","-","-","2","4","-","3","2","2","-","-","-","2","4","0","0","0","0","0","0","0","0","0","0","0","0","0","",""
"131","23","59","01/28/15 09:40 AM","315460047059-1","01/30/15 10:05 AM","315460047059-2","","","","","","","-","-","-","-","2","1","-","3","-","-","1","4","-","2","4","3","1","1","1","-","-","2","-","3","0","0","0","1","0","0","0","0","0","0","0","0","0","",""
"132","","","Not Scanned","315460047060-1","Not Scanned","315460047060-2","","","","","","","","","","","","","","","","","","","","","","","","","","","","","","","","","","","","","","","","","","","","",""
"133","20","55","01/28/15 09:40 AM","315460047061-1","01/30/15 10:05 AM","315460047061-2","","","","","","","-","-","1","4","-","4","2","-","-","3","-","3","-","-","2","3","2","-","1","2","3","1","1","2","0","0","0","2","0","0","0","0","0","0","0","0","0","",""
"134","45","71","01/28/15 09:40 AM","315460047062-1","01/30/15 10:05 AM","315460047062-2","","","","","","","-","3","2","-","-","-","-","-","1","-","-","3","-","-","-","-","3","-","-","-","3","4","-","3","2","2","2","2","0","0","0","0","2","3","0","0","0","",""
"135","15","47","01/28/15 09:40 AM","315460047063-1","01/30/15 10:05 AM","315460047063-2","","","","","","","1","1","2","3","2","-","4","3","1","1","-","-","-","2","2","3","1","-","3","4","3","1","2","3","2","1","0","0","0","0","0","0","2","0","0","0","0","",""
"136","14","45","01/28/15 09:43 AM","315460047064-1","01/30/15 10:15 AM","315460047064-2","","","","","","","1","-","2","3","-","-","4","4","3","3","1","3","2","-","1","-","1","1","1","-","4","2","-","3","0","0","0","0","0","0","0","0","0","0","0","0","0","",""
"137","18","52","01/28/15 09:43 AM","315460047065-1","01/30/15 1:32 PM","315460047065-2","","","","","M","","1","1","2","-","-","-","3","-","2","1","1","3","-","-","-","3","1","4","2","4","3","1","3","4","1","2","1","0","0","0","0","0","0","0","0","0","0","",""
"138","","ABS","01/30/15 08:53 AM","315460047066-1","Not Scanned","315460047066-2","","","","","","","","","","","","","","","","","","","","","","","","","","","","","","","","","","","","","","","","","","","","",""
"139","","ABS","01/30/15 08:53 AM","315460047067-1","Not Scanned","315460047067-2","","","","","","","","","","","","","","","","","","","","","","","","","","","","","","","","","","","","","","","","","","","","",""
"140","30","65","01/28/15 09:43 AM","315460047068-1","01/30/15 10:15 AM","315460047068-2","","","041","","","","-","-","3","-","-","-","2","-","3","-","-","3","-","3","4","3","2","M","3","-","3","1","2","2","2","1","1","2","0","0","0","0","2","2","0","0","0","","1"
"141","15","47","01/28/15 09:43 AM","315460047069-1","01/30/15 10:15 AM","315460047069-2","","","","","","","-","3","2","3","-","1","2","2","1","-","2","3","1","2","2","3","-","2","-","-","-","1","1","3","0","0","0","1","0","0","0","0","0","0","0","0","0","",""
"142","","ABS","01/30/15 08:53 AM","315460047070-1","Not Scanned","315460047070-2","","","","","","","","","","","","","","","","","","","","","","","","","","","","","","","","","","","","","","","","","","","","",""
"143","12","40","01/28/15 09:43 AM","315460047071-1","01/30/15 10:15 AM","315460047071-2","","","042","","","","-","1","2","3","4","X","4","2","2","-","2","4","-","2","2","4","-","4","-","2","3","2","1","3","0","0","1","1","0","0","0","0","0","0","0","0","0","1",""
"144","18","52","01/28/15 09:43 AM","315460047072-1","01/30/15 10:15 AM","315460047072-2","","","","","","","-","1","3","-","-","3","4","3","2","-","3","4","-","-","2","3","1","2","2","1","4","2","1","2","1","2","0","1","0","0","0","0","2","0","0","0","0","",""
"145","10","35","01/28/15 09:43 AM","315460047073-1","01/30/15 10:15 AM","315460047073-2","","","","","","","1","1","2","3","2","1","3","4","1","3","-","3","-","2","4","4","1","4","-","-","3","1","-","4","0","0","0","0","0","0","0","0","0","0","0","0","0","",""
"146","","ABS","01/30/15 08:53 AM","315460047074-1","Not Scanned","315460047074-2","","","","","","","","","","","","","","","","","","","","","","","","","","","","","","","","","","","","","","","","","","","","",""
"147","","ABS","01/30/15 08:53 AM","315460047075-1","Not Scanned","315460047075-2","","","","","","","","","","","","","","","","","","","","","","","","","","","","","","","","","","","","","","","","","","","","",""
"148","31","66","01/28/15 09:43 AM","315460047076-1","01/30/15 10:15 AM","315460047076-2","","","","","","","-","1","-","-","4","3","-","-","-","3","1","4","-","2","4","-","-","4","-","1","2","-","2","3","1","2","2","2","0","0","0","0","0","0","0","2","0","",""
"149","","ABS","01/30/15 08:55 AM","315460047077-1","Not Scanned","315460047077-2","","","","","","","","","","","","","","","","","","","","","","","","","","","","","","","","","","","","","","","","","","","","",""
"150","8","30","01/28/15 09:43 AM","315460047078-1","01/30/15 10:15 AM","315460047078-2","","","","","","","-","1","2","3","1","-","4","3","-","3","2","1","4","3","4","3","1","4","3","1","3","1","3","3","1","0","0","1","0","0","0","0","0","0","0","0","0","",""
"151","28","64","01/28/15 09:43 AM","315460047079-1","01/30/15 10:15 AM","315460047079-2","","","","","","","-","1","2","-","-","4","-","2","3","-","-","-","-","-","2","4","1","2","1","-","-","1","3","4","0","0","2","1","0","0","0","0","0","3","0","0","0","",""
"152","","ABS","01/30/15 08:53 AM","315460047080-1","Not Scanned","315460047080-2","","","","","","","","","","","","","","","","","","","","","","","","","","","","","","","","","","","","","","","","","","","","",""
"153","13","43","01/28/15 09:43 AM","315460047081-1","01/30/15 10:15 AM","315460047081-2","","","","","","","1","3","-","-","4","-","2","2","3","-","3","1","4","-","4","2","2","2","1","-","3","1","1","2","0","0","0","1","0","0","0","0","0","0","0","0","0","",""
"154","27","63","01/28/15 09:43 AM","315460047082-1","01/30/15 10:15 AM","315460047082-2","","","","","","","-","1","-","3","-","1","2","2","-","-","-","-","1","-","-","2","-","-","-","2","2","-","3","3","0","0","0","1","0","0","0","0","0","0","0","0","0","",""
"155","21","57","01/28/15 09:43 AM","315460047083-1","01/30/15 10:15 AM","315460047083-2","","","","","","","-","1","1","-","-","-","4","2","2","-","1","3","4","-","4","2","-","2","1","-","2","1","-","3","0","2","0","1","0","0","0","0","0","0","0","0","0","",""
"156","13","43","01/28/15 09:43 AM","315460047084-1","01/30/15 10:15 AM","315460047084-2","","","","","","","-","1","3","3","2","4","2","-","1","1","2","-","-","-","2","4","1","4","1","-","2","1","3","3","0","1","0","0","0","0","0","0","0","0","0","0","0","",""
"157","37","69","01/28/15 09:43 AM","315460047085-1","01/30/15 10:15 AM","315460047085-2","","","","","","","-","1","-","-","2","-","3","2","-","-","-","3","-","2","-","-","-","-","-","1","2","4","2","3","1","2","1","1","0","0","1","0","2","1","0","2","0","",""
"158","11","38","01/28/15 09:43 AM","315460047086-1","01/30/15 10:15 AM","315460047086-2","","","","","","","1","1","2","3","2","1","3","4","1","3","-","3","-","1","4","4","1","4","-","-","-","1","3","2","1","0","0","0","0","0","0","0","0","0","0","0","0","",""
"159","","ABS","01/30/15 08:53 AM","315460047087-1","Not Scanned","315460047087-2","","","","","","","","","","","","","","","","","","","","","","","","","","","","","","","","","","","","","","","","","","","","",""
"160","20","55","01/28/15 09:43 AM","315460047088-1","01/30/15 10:15 AM","315460047088-2","","","","","","","-","1","1","3","-","-","-","-","2","-","-","4","-","-","2","4","-","2","2","4","4","1","3","3","0","0","0","0","0","0","0","0","0","0","0","0","0","",""
"161","20","55","01/28/15 09:43 AM","315460047089-1","01/30/15 10:15 AM","315460047089-2","","","","","","","-","-","3","4","-","4","3","3","-","1","2","-","4","2","-","2","-","1","1","4","-","-","3","3","0","0","0","0","0","0","0","0","2","0","0","0","0","",""
"162","12","40","01/28/15 09:43 AM","315460047090-1","01/30/15 10:15 AM","315460047090-2","","","","","","","1","1","2","4","-","1","2","-","2","3","-","-","1","3","4","-","3","2","2","1","3","4","2","-","0","0","0","0","0","0","0","0","0","0","0","0","0","",""
"163","23","59","01/28/15 09:43 AM","315460047091-1","01/30/15 10:15 AM","315460047091-2","","","","","","","-","-","3","-","1","-","2","3","3","-","-","-","-","3","1","3","-","1","1","-","4","1","1","3","1","0","0","2","0","0","0","0","0","0","0","0","0","",""
"164","","ABS","01/30/15 08:53 AM","315460047092-1","Not Scanned","315460047092-2","","","","","","","","","","","","","","","","","","","","","","","","","","","","","","","","","","","","","","","","","","","","",""
"165","32","66","01/28/15 09:43 AM","315460047093-1","01/30/15 10:15 AM","315460047093-2","","","","","","","-","-","1","-","-","-","4","3","-","1","-","-","-","2","-","-","-","2","3","-","-","1","2","4","0","2","0","0","0","0","0","0","2","0","0","0","0","",""
"166","25","61","01/28/15 09:43 AM","315460047094-1","01/30/15 10:15 AM","315460047094-2","","","","","","","-","1","1","3","-","-","-","-","2","-","-","4","-","-","2","4","-","2","2","4","4","1","3","3","0","0","2","1","0","0","0","0","2","0","0","0","0","",""
"167","21","57","01/28/15 09:43 AM","315460047095-1","01/30/15 10:15 AM","315460047095-2","","","","","","","-","1","-","3","1","-","-","-","-","1","2","1","4","-","4","2","-","-","-","2","2","1","3","3","0","0","0","0","0","0","0","0","0","1","0","0","0","",""
"168","12","40","01/28/15 09:43 AM","315460047096-1","01/30/15 10:15 AM","315460047096-2","","","","","","","-","1","2","-","-","1","4","2","1","1","-","3","1","-","4","3","-","2","3","1","2","4","3","3","0","0","0","0","0","0","0","0","0","0","0","0","0","",""
"169","17","50","01/28/15 09:43 AM","315460047097-1","01/30/15 10:15 AM","315460047097-2","","","","","","","-","1","1","3","-","1","4","2","-","1","-","-","-","-","1","3","-","2","2","1","3","1","3","3","1","0","0","0","0","0","0","0","0","0","0","0","0","",""
"170","","ABS","01/30/15 08:39 AM","315460047098-1","Not Scanned","315460047098-2","","","","","","","","","","","","","","","","","","","","","","","","","","","","","","","","","","","","","","","","","","","","",""
"171","","ABS","01/30/15 08:34 AM","315460047099-1","Not Scanned","315460047099-2","","","","","","","","","","","","","","","","","","","","","","","","","","","","","","","","","","","","","","","","","","","","",""
"172","","ABS","01/30/15 08:34 AM","315460047100-1","Not Scanned","315460047100-2","","","","","","","","","","","","","","","","","","","","","","","","","","","","","","","","","","","","","","","","","","","","",""
"173","","ABS","01/30/15 08:34 AM","315460047101-1","Not Scanned","315460047101-2","","","","","","","","","","","","","","","","","","","","","","","","","","","","","","","","","","","","","","","","","","","","",""
"174","","ABS","01/30/15 08:34 AM","315460047102-1","Not Scanned","315460047102-2","","","","","","","","","","","","","","","","","","","","","","","","","","","","","","","","","","","","","","","","","","","","",""
"175","12","40","01/28/15 09:44 AM","315460047103-1","01/30/15 09:05 AM","315460047103-2","1,3,7,10","","","","","","-","4","3","3","4","4","-","-","1","-","1","-","4","3","2","-","1","1","3","2","3","2","3","2","0","0","0","0","0","0","0","0","0","0","0","0","0","",""
"176","","ABS","01/30/15 08:34 AM","315460047104-1","Not Scanned","315460047104-2","","","","","","","","","","","","","","","","","","","","","","","","","","","","","","","","","","","","","","","","","","","","",""
"177","","ABS","01/30/15 08:34 AM","315460047105-1","Not Scanned","315460047105-2","","","","","","","","","","","","","","","","","","","","","","","","","","","","","","","","","","","","","","","","","","","","",""
"178","","ABS","01/30/15 08:34 AM","315460047106-1","Not Scanned","315460047106-2","","","","","","","","","","","","","","","","","","","","","","","","","","","","","","","","","","","","","","","","","","","","",""
"179","","ABS","01/30/15 08:34 AM","315460047107-1","Not Scanned","315460047107-2","","","","","","","","","","","","","","","","","","","","","","","","","","","","","","","","","","","","","","","","","","","","",""
"180","","ABS","01/30/15 08:34 AM","315460047108-1","Not Scanned","315460047108-2","","","","","","","","","","","","","","","","","","","","","","","","","","","","","","","","","","","","","","","","","","","","",""
"181","","ABS","01/30/15 08:34 AM","315460047109-1","Not Scanned","315460047109-2","","","","","","","","","","","","","","","","","","","","","","","","","","","","","","","","","","","","","","","","","","","","",""
"182","4","16","01/28/15 09:44 AM","315460047110-1","01/30/15 09:05 AM","315460047110-2","1,2,10","","","","","","1","-","2","3","1","4","3","2","1","3","1","4","2","1","4","2","2","1","-","2","4","2","3","2","0","0","0","0","0","0","0","0","0","0","0","0","0","",""
"183","","ABS","01/30/15 08:34 AM","315460047111-1","Not Scanned","315460047111-2","","","","","","","","","","","","","","","","","","","","","","","","","","","","","","","","","","","","","","","","","","","","",""
"184","10","35","01/28/15 09:26 AM","315460047112-1","01/30/15 09:59 AM","315460047112-2","1,2,3,7,10","","","","","","-","1","-","3","2","3","3","4","3","1","3","-","-","2","-","4","3","2","2","2","4","1","1","2","0","0","0","0","0","0","0","0","0","0","0","0","0","",""
"185","10","35","01/28/15 09:26 AM","315460047113-1","01/30/15 09:59 AM","315460047113-2","1,2,3,7,10","","","","","","-","3","1","4","-","3","4","2","1","-","1","4","-","-","4","3","1","2","3","4","4","1","3","2","0","0","0","0","0","0","0","0","0","0","0","0","0","",""
"186","16","49","01/28/15 09:26 AM","315460047114-1","01/30/15 09:59 AM","315460047114-2","1,2,3,7,10","","","","","","1","4","2","3","-","3","4","4","-","-","2","4","2","-","2","4","-","-","-","1","3","1","3","3","0","0","0","0","0","0","0","0","0","0","0","2","0","",""
"187","6","23","01/28/15 09:26 AM","315460047115-1","01/30/15 09:59 AM","315460047115-2","1,2,3,7,10","","","","","","1","4","-","3","4","4","3","3","-","3","1","-","4","3","2","2","1","2","2","2","3","1","3","2","0","0","0","0","0","0","0","0","0","0","0","0","0","",""
"188","","ABS","01/30/15 08:40 AM","315460047116-1","Not Scanned","315460047116-2","","","","","","","","","","","","","","","","","","","","","","","","","","","","","","","","","","","","","","","","","","","","",""
"189","14","45","01/28/15 09:26 AM","315460047117-1","01/30/15 09:59 AM","315460047117-2","1,2,3,7,10","","","","","","-","-","3","3","4","-","2","4","1","-","3","1","2","-","2","4","1","-","1","-","3","1","2","2","0","0","0","0","0","0","0","0","0","0","0","0","0","",""
"190","","ABS","01/30/15 08:40 AM","315460047118-1","Not Scanned","315460047118-2","","","","","","","","","","","","","","","","","","","","","","","","","","","","","","","","","","","","","","","","","","","","",""
"191","24","60","01/28/15 09:26 AM","315460047119-1","01/30/15 09:59 AM","315460047119-2","1,2,3,7,10","","","","","","-","3","3","-","-","-","4","4","3","1","-","-","-","1","-","3","1","1","-","1","3","4","2","2","1","1","1","1","0","0","0","0","0","2","0","0","0","",""
"192","10","35","01/28/15 09:26 AM","315460047120-1","01/30/15 09:59 AM","315460047120-2","1,2,3,7,10","","","","","","1","4","2","3","-","4","-","2","3","1","-","-","-","2","2","3","3","1","2","1","3","1","3","2","0","0","0","0","0","0","0","0","0","0","0","0","0","",""
"193","19","54","01/28/15 09:26 AM","315460047121-1","01/30/15 09:59 AM","315460047121-2","1,2,3,7,10","","","","","","3","-","2","-","-","4","-","2","1","4","3","1","-","2","2","4","2","-","2","-","-","1","-","2","0","0","0","1","0","0","0","0","0","0","0","0","0","",""
"194","15","47","01/28/15 09:26 AM","315460047122-1","01/30/15 09:59 AM","315460047122-2","1,3,7,10","","","","","","-","-","2","3","1","-","3","3","1","1","3","1","-","-","-","2","3","1","1","-","4","2","1","4","0","0","0","1","0","0","0","0","0","0","0","0","0","",""
"195","12","40","01/28/15 09:26 AM","315460047123-1","01/30/15 09:59 AM","315460047123-2","1,2,3,7,10","","","","","","3","4","1","2","-","-","2","4","3","1","3","-","4","-","2","3","3","-","2","1","4","4","1","2","1","0","0","1","0","0","0","0","0","0","0","0","0","",""
"196","","ABS","01/30/15 08:40 AM","315460047124-1","Not Scanned","315460047124-2","","","","","","","","","","","","","","","","","","","","","","","","","","","","","","","","","","","","","","","","","","","","",""
"197","","ABS","01/30/15 08:40 AM","315460047125-1","Not Scanned","315460047125-2","","","","","","","","","","","","","","","","","","","","","","","","","","","","","","","","","","","","","","","","","","","","",""
"198","14","45","01/28/15 09:26 AM","315460047126-1","01/30/15 09:59 AM","315460047126-2","1,2,3,7,10","","","","","","-","-","2","3","-","-","3","3","-","1","1","-","-","3","2","3","1","2","1","1","4","1","3","3","0","0","0","0","0","0","0","0","0","0","0","0","0","",""
"199","8","30","01/28/15 09:26 AM","315460047127-1","01/30/15 09:59 AM","315460047127-2","1,3,7,10","","","","","","-","3","-","3","2","3","-","3","3","4","3","4","2","3","1","4","2","1","3","2","4","-","3","2","0","0","0","0","0","0","0","0","0","0","0","0","0","",""
"200","18","52","01/28/15 09:26 AM","315460047128-1","01/30/15 09:59 AM","315460047128-2","1,2,3,7,10","","042","","","","-","1","2","3","2","-","4","X","-","4","1","-","-","-","-","4","1","1","-","2","3","2","2","2","0","0","0","0","0","0","0","0","2","0","0","0","0","1",""
"201","12","40","01/28/15 09:25 AM","315460047129-1","01/30/15 09:58 AM","315460047129-2","1,7","","","","","","-","-","-","2","-","3","2","4","2","4","1","-","-","1","4","2","1","2","2","1","3","2","1","3","0","0","0","0","0","0","0","0","0","0","0","0","0","",""
"202","","ABS","01/30/15 08:40 AM","315460047130-1","Not Scanned","315460047130-2","","","","","","","","","","","","","","","","","","","","","","","","","","","","","","","","","","","","","","","","","","","","",""
"203","","ABS","01/30/15 08:40 AM","315460047131-1","Not Scanned","315460047131-2","","","","","","","","","","","","","","","","","","","","","","","","","","","","","","","","","","","","","","","","","","","","",""
"204","","ABS","01/30/15 08:40 AM","315460047132-1","Not Scanned","315460047132-2","","","","","","","","","","","","","","","","","","","","","","","","","","","","","","","","","","","","","","","","","","","","",""
"205","25","61","01/28/15 09:27 AM","315460047133-1","01/30/15 10:12 AM","315460047133-2","1,2,7","","","","","","-","-","-","-","4","-","3","3","-","1","2","3","-","-","-","3","-","1","3","4","-","-","3","3","1","0","0","0","0","0","0","0","0","0","0","0","0","",""
"206","","ABS","01/30/15 08:38 AM","315460047134-1","Not Scanned","315460047134-2","","","","","","","","","","","","","","","","","","","","","","","","","","","","","","","","","","","","","","","","","","","","",""
"207","13","43","01/28/15 09:27 AM","315460047135-1","01/30/15 10:12 AM","315460047135-2","1,2,7","","","","","","1","-","3","3","-","-","2","3","2","1","3","-","2","3","-","4","1","1","3","-","4","1","1","2","0","0","1","0","0","0","0","0","0","0","0","0","0","",""
"208","12","40","01/28/15 09:27 AM","315460047136-1","01/30/15 10:12 AM","315460047136-2","1,2,7","","","","","","-","-","2","3","-","1","2","3","2","-","2","4","-","1","2","4","3","2","3","4","-","2","2","3","0","0","0","0","0","0","0","0","0","0","0","0","0","",""
"209","15","47","01/28/15 09:27 AM","315460047137-1","01/30/15 10:12 AM","315460047137-2","1,2,7","","","","","","-","-","3","4","-","1","3","3","-","1","-","3","-","1","2","-","1","2","1","2","3","1","1","2","0","0","1","0","0","0","0","0","0","0","0","0","0","",""
"210","","ABS","01/30/15 08:38 AM","315460047138-1","Not Scanned","315460047138-2","","","","","","","","","","","","","","","","","","","","","","","","","","","","","","","","","","","","","","","","","","","","",""
"211","9","33","01/28/15 09:27 AM","315460047139-1","01/30/15 10:12 AM","315460047139-2","1,7","","","","","","1","-","2","4","1","1","4","2","-","1","1","-","1","2","2","2","3","1","-","1","2","1","1","3","0","0","1","0","0","0","0","0","0","0","0","0","0","",""
"212","","ABS","01/30/15 08:38 AM","315460047140-1","Not Scanned","315460047140-2","","","","","","","","","","","","","","","","","","","","","","","","","","","","","","","","","","","","","","","","","","","","",""
"213","13","43","01/28/15 09:27 AM","315460047141-1","01/30/15 10:12 AM","315460047141-2","1,2,7","","","","","","-","1","2","3","-","1","2","4","2","-","3","-","-","1","2","4","2","-","1","4","3","4","1","3","0","0","1","0","0","0","0","0","0","0","0","0","0","",""
"214","21","57","01/28/15 09:27 AM","315460047142-1","01/30/15 10:12 AM","315460047142-2","1,2,7","","","","","","1","-","-","3","-","1","3","3","2","1","3","-","-","2","-","-","1","-","1","-","2","-","1","2","0","0","1","0","0","0","0","0","0","0","0","0","0","",""
"215","12","40","01/28/15 09:27 AM","315460047143-1","01/30/15 10:12 AM","315460047143-2","1,3,7","","","","","","-","1","2","4","-","4","3","-","1","1","3","3","-","-","2","4","1","4","1","-","3","1","1","2","0","0","0","0","0","0","0","0","0","0","0","0","0","",""
"216","25","61","01/28/15 09:27 AM","315460047144-1","01/30/15 10:12 AM","315460047144-2","1,2,7","","","","","","-","-","2","-","4","1","3","-","3","3","-","-","-","3","-","2","1","4","-","2","-","-","3","3","0","0","1","0","0","0","0","0","0","0","0","2","0","",""
"217","23","59","01/28/15 09:27 AM","315460047145-1","01/30/15 10:12 AM","315460047145-2","1,2,7","","","","","","4","-","3","-","-","-","-","2","-","1","-","-","4","2","1","3","-","2","-","1","3","4","-","2","0","0","0","0","0","0","0","0","0","1","0","0","0","",""
"218","13","43","01/28/15 09:27 AM","315460047146-1","01/30/15 10:12 AM","315460047146-2","1,7","","","","","","1","3","3","4","-","3","-","3","1","1","2","3","2","-","-","3","2","1","-","-","3","1","3","2","1","0","0","0","0","0","0","0","0","0","0","0","0","",""
"219","15","47","01/28/15 09:27 AM","315460047147-1","01/30/15 10:12 AM","315460047147-2","1,7","","","","","","1","4","2","3","2","4","2","3","1","-","3","-","4","2","-","2","-","2","3","2","4","-","2","-","0","0","2","1","0","0","0","0","0","0","0","0","0","",""
"220","16","49","01/30/15 10:11 AM","315460047148-1","01/30/15 10:12 AM","315460047148-2","","","","","","","1","4","2","2","2","-","3","4","3","1","-","1","4","3","4","3","2","-","-","-","4","4","1","-","1","0","1","0","0","0","0","0","0","1","0","0","1","",""
"221","7","27","01/28/15 09:27 AM","315460047149-1","01/30/15 10:12 AM","315460047149-2","1,7","","","","","","-","3","-","4","2","4","3","4","3","4","1","4","1","1","4","4","2","1","-","2","2","2","3","3","0","0","0","1","0","0","0","0","0","0","0","0","0","",""
"222","18","52","01/28/15 09:27 AM","315460047150-1","01/30/15 10:12 AM","315460047150-2","1,2,7","","","","","","-","3","1","4","-","-","4","-","1","1","-","3","2","-","-","3","1","-","1","-","2","1","3","3","0","0","0","0","0","0","0","0","0","0","0","0","0","",""
"223","14","45","01/28/15 09:27 AM","315460047151-1","01/30/15 10:12 AM","315460047151-2","1,7","","","","","","1","4","3","4","2","3","2","4","1","1","-","-","-","-","-","4","2","-","2","2","4","2","1","-","0","0","0","0","0","0","0","0","0","0","0","0","0","",""
"224","","ABS","01/30/15 08:38 AM","315460047152-1","Not Scanned","315460047152-2","","","","","","","","","","","","","","","","","","","","","","","","","","","","","","","","","","","","","","","","","","","","",""
"225","20","55","01/28/15 09:27 AM","315460047153-1","01/30/15 10:12 AM","315460047153-2","1,3,7","","","","","","-","1","2","-","4","-","-","2","-","1","-","-","-","2","2","4","1","-","2","-","2","1","2","2","0","0","0","0","0","0","0","0","0","0","0","0","0","",""
"226","6","23","01/28/15 09:27 AM","315460047154-1","01/30/15 10:12 AM","315460047154-2","1,2","","","","","","-","1","2","4","4","4","3","2","3","-","1","4","4","3","4","2","2","1","3","-","2","2","1","2","0","0","0","0","0","0","0","0","0","0","0","0","0","",""
"227","15","47","01/28/15 09:27 AM","315460047155-1","01/30/15 10:12 AM","315460047155-2","1,2,7","","","","","","-","3","3","4","-","-","2","4","1","1","2","3","1","-","2","3","-","4","2","-","-","1","1","4","0","0","1","0","0","0","0","0","0","0","0","0","0","",""
"228","14","45","01/28/15 09:29 AM","315460047156-1","01/30/15 09:07 AM","315460047156-2","1,7","","","","","","-","3","2","3","-","-","3","4","-","4","1","3","2","2","1","3","-","1","3","-","-","2","3","2","0","0","0","0","0","0","0","0","0","0","0","0","0","",""
"229","20","55","01/28/15 09:29 AM","315460047157-1","01/30/15 09:07 AM","315460047157-2","1,7","","","","","","-","1","3","3","2","-","3","-","1","1","-","-","-","-","1","2","2","-","-","1","2","-","2","2","0","0","0","0","0","0","0","0","0","0","0","0","0","",""
"230","","ABS","01/30/15 08:42 AM","315460047158-1","Not Scanned","315460047158-2","","","","","","","","","","","","","","","","","","","","","","","","","","","","","","","","","","","","","","","","","","","","",""
"231","12","40","01/28/15 09:29 AM","315460047159-1","01/30/15 09:07 AM","315460047159-2","1,2,7","","","","","","-","-","1","3","4","3","2","4","1","-","-","1","4","2","4","3","-","4","1","-","2","4","1","3","0","0","0","0","0","0","0","0","0","0","0","0","0","",""
"232","20","55","01/28/15 09:29 AM","315460047160-1","01/30/15 09:07 AM","315460047160-2","1,2,7","","","","","","1","1","-","-","2","4","2","4","2","1","-","-","-","-","1","2","-","1","1","-","3","1","-","3","0","2","0","0","0","0","0","0","0","0","0","0","0","",""
"233","23","59","01/28/15 09:29 AM","315460047161-1","01/30/15 09:07 AM","315460047161-2","1,7","","","","","","4","-","2","3","4","-","4","-","-","1","1","-","-","2","2","3","3","2","2","-","3","1","-","3","0","0","1","2","0","0","0","0","2","2","0","0","0","",""
"234","18","52","01/28/15 09:29 AM","315460047162-1","01/30/15 09:07 AM","315460047162-2","1,7","","","","","","-","1","3","-","-","-","3","4","1","1","3","4","-","-","4","4","1","1","-","-","-","1","3","2","0","0","0","0","0","0","0","0","0","0","0","0","0","",""
"235","31","66","01/28/15 09:29 AM","315460047163-1","01/30/15 09:07 AM","315460047163-2","1,7","","","","","","-","-","-","3","-","4","2","4","-","-","-","1","-","-","4","-","-","1","-","-","2","1","3","-","0","2","1","0","0","0","0","0","0","0","0","0","0","",""
"236","10","35","01/28/15 09:29 AM","315460047164-1","01/30/15 09:07 AM","315460047164-2","1","","","","","","4","1","2","3","-","1","4","3","3","-","3","3","1","2","1","3","3","1","2","-","-","2","2","-","0","0","0","0","0","0","0","0","0","0","0","0","0","",""
"237","12","40","01/28/15 09:29 AM","315460047165-1","01/30/15 09:07 AM","315460047165-2","1,7","","","","","","4","-","2","3","1","4","2","3","3","-","-","1","-","1","2","3","3","1","3","4","-","-","2","2","0","0","0","0","0","0","0","0","0","0","0","0","0","",""
"238","15","47","01/28/15 09:29 AM","315460047166-1","01/30/15 09:07 AM","315460047166-2","1,2","","","","","","1","-","-","4","2","4","2","-","-","4","-","4","4","2","4","3","-","4","1","2","2","1","3","-","0","0","1","0","0","0","0","0","0","0","0","0","0","",""
"239","","ABS","01/30/15 08:42 AM","315460047167-1","Not Scanned","315460047167-2","","","","","","","","","","","","","","","","","","","","","","","","","","","","","","","","","","","","","","","","","","","","",""
"240","16","49","01/28/15 09:29 AM","315460047168-1","01/30/15 09:07 AM","315460047168-2","1,7","","","","","","1","3","2","-","-","1","3","2","3","-","-","-","-","3","2","3","2","-","2","1","3","2","1","2","0","0","0","0","0","0","0","0","0","0","0","2","0","",""
"241","","ABS","01/30/15 08:42 AM","315460047169-1","Not Scanned","315460047169-2","","","","","","","","","","","","","","","","","","","","","","","","","","","","","","","","","","","","","","","","","","","","",""
"242","8","30","01/28/15 09:29 AM","315460047170-1","01/30/15 09:07 AM","315460047170-2","1,2","","","","","","-","3","1","3","-","4","3","2","1","-","1","4","-","2","4","4","3","1","3","2","3","1","2","2","0","0","0","0","0","0","0","0","0","0","0","0","0","",""
"243","12","40","01/28/15 09:29 AM","315460047171-1","01/30/15 09:07 AM","315460047171-2","","","","","","","-","1","-","3","-","1","2","3","2","4","2","1","-","3","4","3","1","1","3","-","2","1","3","3","0","0","0","2","0","0","0","0","0","0","0","0","0","",""
"244","12","40","01/28/15 09:29 AM","315460047172-1","01/30/15 09:07 AM","315460047172-2","1","","","","","","1","3","1","4","-","3","3","4","1","-","2","3","-","-","2","-","1","2","2","1","2","4","1","2","1","0","0","1","0","0","0","0","0","0","0","0","0","",""
"245","","ABS","01/30/15 08:42 AM","315460047173-1","Not Scanned","315460047173-2","","","","","","","","","","","","","","","","","","","","","","","","","","","","","","","","","","","","","","","","","","","","",""
"246","24","60","01/28/15 09:29 AM","315460047174-1","01/30/15 09:07 AM","315460047174-2","1,7","","","","","","-","4","-","-","4","4","-","4","3","-","3","-","-","3","4","-","-","-","1","-","-","1","2","3","0","0","0","0","0","0","0","0","0","0","0","0","0","",""
"247","12","40","01/28/15 09:29 AM","315460047175-1","01/30/15 09:07 AM","315460047175-2","1,7","","","","","","-","1","-","3","1","-","4","3","-","1","2","-","-","3","2","3","3","1","3","1","3","1","1","2","0","0","0","0","0","0","0","0","0","0","0","0","0","",""
"248","24","60","01/28/15 09:29 AM","315460047176-1","01/30/15 09:07 AM","315460047176-2","1,2,7","","","","","","-","-","-","-","-","-","4","3","1","-","1","4","-","-","4","2","1","-","-","2","-","1","2","3","0","0","0","0","0","0","0","0","0","0","0","0","0","",""
"249","","ABS","01/30/15 08:42 AM","315460047177-1","Not Scanned","315460047177-2","","","","","","","","","","","","","","","","","","","","","","","","","","","","","","","","","","","","","","","","","","","","",""
"250","20","55","01/28/15 09:29 AM","315460047178-1","01/30/15 09:07 AM","315460047178-2","1,2","","","","","","3","1","-","-","2","1","3","-","-","-","3","1","-","-","2","4","2","-","1","-","2","4","-","2","0","0","0","0","0","0","0","0","0","0","0","0","0","",""
"251","18","52","01/28/15 09:29 AM","315460047179-1","01/30/15 09:07 AM","315460047179-2","1,7","","","","","","-","3","1","3","-","-","3","-","1","-","1","4","-","-","4","4","3","1","3","1","3","1","2","4","0","2","2","0","0","0","0","0","0","0","0","0","0","",""
"252","24","60","01/28/15 09:29 AM","315460047180-1","01/30/15 09:07 AM","315460047180-2","1,2,7","","","","","","1","3","2","-","2","1","3","-","-","-","2","-","-","3","2","-","-","-","-","1","-","1","2","3","0","2","0","0","0","0","0","0","0","0","0","0","0","",""
"253","","ABS","01/30/15 08:36 AM","315460047181-1","Not Scanned","315460047181-2","","","","","","","","","","","","","","","","","","","","","","","","","","","","","","","","","","","","","","","","","","","","",""
"254","","ABS","01/30/15 08:36 AM","315460047182-1","Not Scanned","315460047182-2","","","","","","","","","","","","","","","","","","","","","","","","","","","","","","","","","","","","","","","","","","","","",""
"255","","ABS","01/30/15 08:36 AM","315460047183-1","Not Scanned","315460047183-2","","","","","","","","","","","","","","","","","","","","","","","","","","","","","","","","","","","","","","","","","","","","",""
"256","","ABS","01/30/15 08:36 AM","315460047184-1","Not Scanned","315460047184-2","","","","","","","","","","","","","","","","","","","","","","","","","","","","","","","","","","","","","","","","","","","","",""
"257","","ABS","01/30/15 08:36 AM","315460047185-1","Not Scanned","315460047185-2","","","","","","","","","","","","","","","","","","","","","","","","","","","","","","","","","","","","","","","","","","","","",""
"258","21","57","01/28/15 09:30 AM","315460047186-1","01/30/15 09:57 AM","315460047186-2","1,2,7","","","","","","-","1","-","-","-","3","2","4","3","-","1","1","2","1","2","3","2","-","-","-","4","4","1","2","1","1","1","1","0","0","0","0","0","1","0","0","0","",""
"259","25","61","01/28/15 09:30 AM","315460047187-1","01/30/15 1:32 PM","315460047187-2","1,2","","","","M","","-","-","2","-","-","4","3","3","-","-","-","-","-","-","1","4","1","-","3","2","2","1","3","3","0","0","0","1","0","0","0","0","2","0","0","0","0","",""
"260","","ABS","01/30/15 08:41 AM","315460047188-1","Not Scanned","315460047188-2","","","","","","","","","","","","","","","","","","","","","","","","","","","","","","","","","","","","","","","","","","","","",""
"261","17","50","01/28/15 09:31 AM","315460047189-1","01/30/15 10:00 AM","315460047189-2","1,2,4","","","","","","-","3","2","3","2","1","-","4","1","1","3","1","-","-","2","3","3","2","-","1","-","-","1","2","0","2","1","0","0","0","0","0","0","0","0","0","0","",""
"262","11","38","01/28/15 09:31 AM","315460047190-1","01/30/15 10:00 AM","315460047190-2","1,2,3,4,7,","","","","","","-","-","3","-","2","4","3","2","1","3","2","4","-","3","2","2","1","4","1","-","2","4","2","2","0","0","0","0","0","0","0","0","0","1","0","0","0","",""
"263","","ABS","01/30/15 08:37 AM","315460047191-1","Not Scanned","315460047191-2","","","","","","","","","","","","","","","","","","","","","","","","","","","","","","","","","","","","","","","","","","","","",""
"264","","ABS","01/30/15 08:37 AM","315460047192-1","Not Scanned","315460047192-2","","","","","","","","","","","","","","","","","","","","","","","","","","","","","","","","","","","","","","","","","","","","",""
"265","19","54","01/28/15 09:31 AM","315460047193-1","01/30/15 10:00 AM","315460047193-2","1,4,7","","","","","","3","3","1","2","4","3","-","-","3","-","-","1","2","1","-","-","-","2","2","-","2","1","-","4","0","0","0","0","0","0","0","0","0","1","0","0","0","",""
"266","15","47","01/28/15 09:31 AM","315460047194-1","01/30/15 10:00 AM","315460047194-2","1,2,3,10","","","","","","-","4","2","-","-","4","4","2","-","1","3","1","-","2","2","3","3","-","3","1","2","4","2","3","0","0","0","0","0","0","0","0","0","3","0","0","0","",""
"267","","ABS","01/30/15 08:42 AM","315460047195-1","Not Scanned","315460047195-2","","","","","","","","","","","","","","","","","","","","","","","","","","","","","","","","","","","","","","","","","","","","",""
"268","16","49","01/28/15 09:31 AM","315460047196-1","01/30/15 09:45 AM","315460047196-2","1,2,7,10","","","","","","1","-","-","-","-","-","2","2","-","3","1","3","2","3","2","4","1","2","1","-","3","1","-","2","0","0","0","0","0","0","0","0","0","0","0","0","0","",""
"269","","","Not Scanned","315460047197-1","Not Scanned","315460047197-2","","","","","","","","","","","","","","","","","","","","","","","","","","","","","","","","","","","","","","","","","","","","",""
"270","28","64","01/28/15 09:31 AM","315460047198-1","01/30/15 09:45 AM","315460047198-2","1,2,7,10","","","","","","-","1","-","2","4","-","-","2","1","1","-","-","-","2","-","-","-","2","-","2","-","1","-","4","0","0","1","0","0","0","0","0","0","1","0","0","0","",""
"271","","","Not Scanned","315460047199-1","Not Scanned","315460047199-2","","","","","","","","","","","","","","","","","","","","","","","","","","","","","","","","","","","","","","","","","","","","",""
"272","","ABS","01/30/15 08:43 AM","315460047200-1","Not Scanned","315460047200-2","","","","","","","","","","","","","","","","","","","","","","","","","","","","","","","","","","","","","","","","","","","","",""
"273","14","45","01/28/15 09:45 AM","315460047201-1","01/30/15 09:03 AM","315460047201-2","1,2,3,7,10","","","","","","4","-","1","-","-","-","4","3","3","1","2","-","4","3","2","4","1","1","3","-","3","2","-","4","0","0","0","0","0","0","0","0","0","0","0","0","0","",""
"274","10","35","01/28/15 09:45 AM","315460047202-1","01/30/15 09:03 AM","315460047202-2","1,2,3,7,10","","","","","","-","-","3","-","4","3","-","2","3","-","2","1","4","3","1","2","3","2","1","2","4","1","1","2","0","0","0","0","0","0","0","0","0","0","0","0","0","",""
"275","13","43","01/28/15 09:45 AM","315460047203-1","01/30/15 09:03 AM","315460047203-2","1,2,3,7,10","","","","","","4","3","1","3","1","-","-","-","3","1","2","4","-","2","2","3","-","1","3","1","-","1","2","2","0","0","0","1","0","0","0","0","0","0","0","0","0","",""
"276","","ABS","01/30/15 08:43 AM","315460047204-1","Not Scanned","315460047204-2","","","","","","","","","","","","","","","","","","","","","","","","","","","","","","","","","","","","","","","","","","","","",""
"277","","ABS","01/30/15 08:43 AM","315460047205-1","Not Scanned","315460047205-2","","","","","","","","","","","","","","","","","","","","","","","","","","","","","","","","","","","","","","","","","","","","",""
"278","10","35","01/28/15 09:45 AM","315460047206-1","01/30/15 09:03 AM","315460047206-2","1,2,3,7,10","","","","","","-","3","2","4","4","1","2","-","3","1","2","1","1","3","4","-","1","1","-","-","3","1","2","3","0","0","0","0","0","0","0","0","0","0","0","0","0","",""
"279","22","58","01/28/15 09:45 AM","315460047207-1","01/30/15 09:03 AM","315460047207-2","1,3,7,10","","","","","","-","3","-","4","-","-","3","2","3","1","1","3","-","2","4","-","3","1","-","2","3","2","1","2","1","1","0","1","0","0","0","0","2","0","1","2","0","",""
"280","14","45","01/28/15 09:45 AM","315460047208-1","01/30/15 09:03 AM","315460047208-2","1,2,3,7,10","","","","","","-","-","3","3","2","-","4","-","1","4","2","3","1","-","2","3","2","4","1","4","2","-","3","-","0","0","0","0","0","0","0","0","0","0","0","0","0","",""
"281","15","47","01/28/15 09:45 AM","315460047209-1","01/30/15 09:03 AM","315460047209-2","1","","","","","","-","1","3","2","-","4","2","3","-","1","3","4","-","-","-","4","1","4","3","1","3","1","-","3","0","0","0","0","0","0","0","0","0","0","1","0","0","",""
"282","","ABS","01/30/15 08:43 AM","315460047210-1","Not Scanned","315460047210-2","","","","","","","","","","","","","","","","","","","","","","","","","","","","","","","","","","","","","","","","","","","","",""
"283","13","43","01/28/15 09:45 AM","315460047211-1","01/30/15 09:03 AM","315460047211-2","1,3,7,10","","","","","","-","1","2","4","-","1","2","3","-","1","2","1","-","-","4","2","2","1","3","1","4","1","2","2","0","0","0","0","0","0","0","0","1","0","0","0","2","",""
"284","","ABS","01/28/15 09:45 AM","315460047212-1","01/30/15 09:03 AM","315460047212-2","1,2,3,7,10","","040/051","","","","","","","","","","","","","","","","","","","","","","","","","","","","","","","","","","","","","","","","","",""
"285","10","35","01/28/15 09:45 AM","315460047213-1","01/30/15 09:03 AM","315460047213-2","1,3,7,10","","","","","","1","1","2","3","-","4","4","4","-","1","3","3","-","2","1","2","1","1","2","-","3","2","-","2","0","0","0","0","0","0","0","0","0","0","0","0","0","",""
"286","18","52","01/28/15 09:45 AM","315460047214-1","01/30/15 09:03 AM","315460047214-2","1,3,7,10","","","","","","1","1","1","-","-","-","2","4","-","1","-","1","-","2","1","-","-","1","3","-","3","1","1","3","0","0","0","0","0","0","0","0","0","0","0","0","0","",""
"287","15","47","01/28/15 09:45 AM","315460047215-1","01/30/15 09:03 AM","315460047215-2","1,3,7,10","","","","","","-","-","2","4","-","4","3","4","-","1","2","1","4","-","4","3","2","1","1","1","-","1","3","3","0","1","1","0","0","0","0","0","1","0","0","0","0","",""
"288","19","54","01/28/15 09:45 AM","315460047216-1","01/30/15 09:03 AM","315460047216-2","1,3,7,10","","","","","","-","3","2","-","2","-","4","-","-","-","3","-","1","3","4","-","1","1","1","-","3","1","3","4","1","0","0","0","0","0","0","0","0","0","0","0","0","",""
"289","12","40","01/28/15 09:45 AM","315460047217-1","01/30/15 09:03 AM","315460047217-2","1,2,3,7","","","","","","-","4","3","3","4","3","-","4","-","1","3","1","4","1","-","4","2","1","1","-","2","1","1","4","0","0","0","1","0","0","0","0","1","0","0","0","0","",""
"290","19","54","01/28/15 09:45 AM","315460047218-1","01/30/15 09:03 AM","315460047218-2","1,2,3,7,10","","","","","","1","-","2","4","-","-","2","4","2","1","-","-","-","2","2","2","1","-","-","-","2","1","3","3","0","0","0","0","0","0","0","0","1","0","0","0","0","",""
"291","","","Not Scanned","315460047219-1","Not Scanned","315460047219-2","","","","","","","","","","","","","","","","","","","","","","","","","","","","","","","","","","","","","","","","","","","","",""
"292","","","Not Scanned","315460047220-1","Not Scanned","315460047220-2","","","","","","","","","","","","","","","","","","","","","","","","","","","","","","","","","","","","","","","","","","","","",""
"293","12","40","01/28/15 09:32 AM","315460047221-1","01/30/15 2:23 PM","315460047221-2","","11,14","","SP","","","3","-","1","3","2","4","2","3","-","3","2","3","2","-","-","4","2","2","-","2","4","1","3","-","0","0","0","0","0","0","0","0","0","0","0","0","0","",""
"294","","ABS","01/30/15 08:36 AM","315460047222-1","Not Scanned","315460047222-2","","","","","","","","","","","","","","","","","","","","","","","","","","","","","","","","","","","","","","","","","","","","",""
"295","","ABS","01/30/15 08:36 AM","315460047223-1","Not Scanned","315460047223-2","","","","","","","","","","","","","","","","","","","","","","","","","","","","","","","","","","","","","","","","","","","","",""
"296","14","45","01/28/15 09:32 AM","315460047224-1","01/30/15 2:23 PM","315460047224-2","","11","","","","","-","1","-","3","2","-","4","2","-","1","2","1","1","3","4","3","2","4","-","-","2","1","3","3","1","0","0","1","0","0","0","0","0","0","0","0","0","",""
"297","18","52","01/28/15 09:32 AM","315460047225-1","01/30/15 2:23 PM","315460047225-2","","11,13","","","","","4","4","2","-","4","1","2","-","-","1","-","-","-","1","4","3","-","2","2","-","3","1","-","3","0","0","0","0","0","0","0","0","0","0","0","0","0","",""
"298","24","60","01/28/15 09:33 AM","315460047226-1","01/30/15 2:25 PM","315460047226-2","","11,13","","","","","-","-","-","-","-","-","3","3","1","1","1","3","2","-","4","3","2","2","-","-","-","2","-","-","0","0","0","0","0","0","0","0","0","0","0","0","0","",""
"299","22","58","01/28/15 09:33 AM","315460047227-1","01/30/15 2:25 PM","315460047227-2","","11","","","","","-","-","-","-","2","-","2","-","1","-","-","-","2","3","4","4","2","1","1","-","2","-","1","4","0","0","0","0","0","0","0","0","0","0","0","0","0","",""
"300","14","45","01/28/15 09:33 AM","315460047228-1","01/30/15 2:25 PM","315460047228-2","","11","","","","","4","3","1","-","1","1","-","4","3","4","1","3","-","-","4","2","3","1","-","1","3","1","-","2","0","0","1","1","0","0","0","0","0","0","0","0","0","",""
"301","21","57","01/28/15 09:33 AM","315460047229-1","01/30/15 2:25 PM","315460047229-2","","11","","","","","-","4","-","3","-","1","-","3","2","1","2","3","-","-","2","-","3","-","-","-","3","4","3","2","0","0","0","0","0","0","0","0","1","0","0","0","0","",""
"302","","ABS","01/30/15 08:41 AM","315460047230-1","Not Scanned","315460047230-2","","","","","","","","","","","","","","","","","","","","","","","","","","","","","","","","","","","","","","","","","","","","",""
"303","38","69","01/28/15 09:33 AM","315460047231-1","01/30/15 2:25 PM","315460047231-2","","11,14","","SP","","","1","4","-","-","-","-","2","-","1","-","-","-","-","-","-","-","-","-","3","2","3","1","2","2","2","2","2","2","0","0","0","0","1","1","0","0","0","",""
"304","49","72","01/28/15 09:33 AM","315460047232-1","01/30/15 2:25 PM","315460047232-2","","11","","","","","-","1","3","-","2","-","2","-","1","-","-","-","-","-","-","-","-","-","-","-","3","-","2","3","2","2","2","2","2","0","0","0","4","1","0","2","0","",""
"305","","ABS","01/30/15 08:41 AM","315460047233-1","Not Scanned","315460047233-2","","","","","","","","","","","","","","","","","","","","","","","","","","","","","","","","","","","","","","","","","","","","",""
"306","12","40","01/28/15 09:33 AM","315460047234-1","01/30/15 2:25 PM","315460047234-2","","11","","","","","4","-","1","-","2","4","4","-","1","1","2","3","4","3","4","3","1","1","1","-","2","-","-","3","0","0","0","0","0","0","0","0","0","0","0","0","0","",""
"307","13","43","01/28/15 09:33 AM","315460047235-1","01/30/15 2:25 PM","315460047235-2","","11","","","","","-","4","3","3","-","1","2","4","-","1","2","-","4","-","2","3","1","2","-","2","3","1","2","4","0","0","0","0","1","0","0","0","0","0","0","0","0","",""
"308","27","63","01/28/15 09:33 AM","315460047236-1","01/30/15 2:25 PM","315460047236-2","","11,14","","SP","","","-","1","-","3","4","4","2","4","3","-","1","-","1","-","-","-","-","2","-","-","-","1","3","2","1","2","0","0","0","0","0","0","2","0","0","0","0","",""
"309","36","68","01/28/15 09:33 AM","315460047237-1","01/30/15 2:25 PM","315460047237-2","","11","","","","","-","1","-","-","4","4","3","3","-","-","1","-","-","-","2","-","-","4","-","2","-","-","1","-","0","2","1","1","0","0","0","0","2","0","0","0","2","",""
"310","29","64","01/28/15 09:33 AM","315460047238-1","01/30/15 2:25 PM","315460047238-2","","11","","","","","-","3","-","3","1","-","3","4","-","-","-","1","4","-","4","-","1","1","-","-","3","4","-","2","0","2","1","2","0","0","0","0","0","2","0","0","0","",""
"311","20","55","01/28/15 09:33 AM","315460047239-1","01/30/15 2:25 PM","315460047239-2","","11","","","","","-","1","2","3","-","4","2","2","-","-","1","3","1","-","2","3","2","-","1","2","-","4","3","3","0","0","1","2","0","0","0","0","0","1","0","2","0","",""
"312","26","62","01/28/15 09:33 AM","315460047240-1","01/30/15 2:25 PM","315460047240-2","","11","","","","","-","1","-","3","-","3","2","4","1","-","-","3","-","-","1","4","-","4","1","-","4","-","3","4","1","0","1","1","0","0","0","0","0","0","0","2","1","",""
"313","62","77","01/28/15 09:33 AM","315460047241-1","01/30/15 2:25 PM","315460047241-2","","11","","","","","-","-","-","-","-","4","-","-","-","-","-","-","1","2","-","-","-","-","-","-","3","-","-","2","0","2","0","2","2","2","2","0","3","4","0","1","6","",""
"314","7","27","01/28/15 09:33 AM","315460047242-1","01/30/15 2:25 PM","315460047242-2","","11","","","","","1","1","-","3","2","1","4","3","3","-","3","4","1","2","1","3","1","4","-","1","2","1","2","3","0","0","0","1","0","0","0","0","0","0","0","0","0","",""
"315","37","69","01/28/15 09:43 AM","315460049541-1","01/30/15 10:15 AM","315460049541-2","","","","","","","-","-","2","-","-","-","3","-","-","-","1","-","-","-","-","2","1","1","3","-","-","1","-","-","2","0","0","1","0","0","0","0","2","0","0","0","0","",""
"316","23","59","01/28/15 09:43 AM","315460049527-1","01/30/15 10:15 AM","315460049527-2","","","042","","","","-","4","X","3","-","-","2","-","2","4","3","1","-","-","2","-","-","1","1","-","2","2","2","3","1","0","1","1","0","0","0","0","2","0","0","0","0","1",""
"317","25","61","01/28/15 09:43 AM","315460049537-1","01/30/15 10:15 AM","315460049537-2","","","","","","","4","1","-","3","4","1","2","-","-","-","-","1","-","-","-","-","-","-","1","1","2","4","1","2","1","0","1","0","1","0","0","0","0","0","0","0","0","",""
"318","19","54","01/28/15 09:29 AM","315460049547-1","01/30/15 09:07 AM","315460049547-2","","","","","","","4","1","-","-","4","-","3","-","1","1","1","-","-","2","4","4","-","4","3","-","-","1","3","2","0","0","1","0","0","0","0","0","0","0","0","0","0","",""
"319","36","68","01/28/15 09:43 AM","315460049533-1","01/30/15 10:15 AM","315460049533-2","","","","","","","-","1","-","3","-","-","-","-","-","-","1","-","-","2","-","-","3","-","-","-","2","4","2","4","0","2","0","0","0","0","2","0","2","0","0","0","0","",""
"320","19","54","01/28/15 09:43 AM","315460049531-1","01/30/15 10:15 AM","315460049531-2","","","","","","","-","1","-","3","-","-","3","-","1","-","-","1","-","2","4","2","-","2","2","2","3","1","2","4","0","0","0","0","0","0","0","0","1","0","0","0","0","",""
"321","22","58","01/28/15 09:43 AM","315460049529-1","01/30/15 10:15 AM","315460049529-2","","","","","","","-","-","-","-","-","1","-","2","2","4","2","-","-","2","2","4","-","2","3","-","3","1","2","2","0","0","0","2","0","0","0","0","0","0","0","0","0","",""
"322","26","62","01/28/15 09:43 AM","315460049525-1","01/30/15 10:15 AM","315460049525-2","","","","","","","-","-","3","3","-","1","2","-","-","1","-","3","1","2","-","2","3","1","-","-","3","1","2","-","1","2","0","1","0","0","0","0","0","2","0","0","0","",""
"323","19","54","01/28/15 09:43 AM","315460049535-1","01/30/15 10:15 AM","315460049535-2","","","","","","","-","1","1","3","-","-","-","-","1","1","-","4","-","-","2","4","-","2","2","4","4","1","1","3","1","0","0","0","0","0","0","0","0","0","0","0","0","",""
"324","19","54","01/28/15 09:36 AM","315460049539-1","01/30/15 10:08 AM","315460049539-2","","","","","","","1","1","-","-","-","1","3","-","1","4","-","-","4","1","-","3","-","4","3","1","2","1","3","4","1","0","0","1","0","0","0","0","0","0","0","0","1","",""
"325","15","47","01/28/15 09:36 AM","315460049519-1","01/30/15 09:59 AM","315460049519-2","","","","","","","-","1","2","4","2","-","4","4","-","4","1","-","-","-","4","4","1","1","-","2","3","1","2","2","0","0","0","1","0","0","0","0","0","0","0","0","0","",""
"326","8","30","01/28/15 09:43 AM","315460049545-1","01/30/15 10:15 AM","315460049545-2","","","","","","","-","-","2","2","-","3","2","3","3","4","3","3","1","2","2","-","3","2","3","1","4","2","3","2","0","0","0","0","0","0","0","0","0","0","0","0","0","",""
